{
  "title": "Applications - Base",
  "panels": [
    {
      "type": "stat",
      "title": "Error Rate (5xx)",
      "targets": [
        { "expr": "sum(rate(http_requests_total{status=~\"5..\"}[5m])) / sum(rate(http_requests_total[5m]))" }
      ]
    },
    {
      "type": "graph",
      "title": "Latency P95",
      "targets": [
        { "expr": "histogram_quantile(0.95, sum(rate(http_server_duration_seconds_bucket[5m])) by (le, service))" }
      ]
    },
    {
      "type": "graph",
      "title": "Requests per Second",
      "targets": [
        { "expr": "sum(rate(http_requests_total[1m])) by (service)" }
      ]
    }
  ],
  "templating": { "list": [] },
  "time": { "from": "now-6h", "to": "now" }
}


