{
  "version": "2.0",
  "description": "MacSpark Enterprise Backup Policies Configuration",
  "created": "2025-08-24",
  "environment": "production",
  
  "global_settings": {
    "default_engine": "kopia",
    "fallback_engine": "restic",
    "encryption_required": true,
    "compression_enabled": true,
    "verification_enabled": true,
    "parallel_jobs": 3,
    "timeout_minutes": 360,
    "retry_attempts": 3,
    "retry_delay_seconds": 60
  },
  
  "retention_policies": {
    "critical": {
      "description": "Critical data with extended retention",
      "keep": {
        "last": 100,
        "hourly": 72,
        "daily": 30,
        "weekly": 12,
        "monthly": 36,
        "yearly": 10
      },
      "minimum_age_days": 0,
      "prune_schedule": "0 3 * * *"
    },
    
    "database": {
      "description": "Database backups with frequent snapshots", 
      "keep": {
        "last": 50,
        "hourly": 48,
        "daily": 14,
        "weekly": 8,
        "monthly": 24,
        "yearly": 7
      },
      "minimum_age_days": 0,
      "prune_schedule": "0 2 * * *"
    },
    
    "application": {
      "description": "Application data and configurations",
      "keep": {
        "last": 30,
        "hourly": 24,
        "daily": 7,
        "weekly": 4,
        "monthly": 12,
        "yearly": 5
      },
      "minimum_age_days": 1,
      "prune_schedule": "0 1 * * *"
    },
    
    "logs": {
      "description": "Log files with shorter retention",
      "keep": {
        "last": 20,
        "daily": 14,
        "weekly": 4,
        "monthly": 3
      },
      "minimum_age_days": 7,
      "prune_schedule": "0 0 * * 0"
    },
    
    "temporary": {
      "description": "Temporary backups for testing",
      "keep": {
        "last": 5,
        "daily": 3
      },
      "minimum_age_days": 1,
      "prune_schedule": "0 4 * * *"
    }
  },
  
  "backup_sets": {
    "postgresql": {
      "type": "database",
      "engine": "kopia",
      "policy": "database",
      "schedule": "*/30 * * * *",
      "priority": "critical",
      "paths": ["/opt/macspark/backup/databases/postgresql"],
      "pre_commands": [
        "/scripts/backup-critical-complete.sh --database postgresql"
      ],
      "post_commands": [
        "/scripts/notification-system.sh --success postgresql"
      ],
      "compression": "zstd:6",
      "encryption": true,
      "verification": true,
      "tags": ["database", "postgresql", "critical"],
      "exclude_patterns": ["*.tmp", "postmaster.pid"]
    },
    
    "redis": {
      "type": "database",
      "engine": "kopia", 
      "policy": "database",
      "schedule": "*/15 * * * *",
      "priority": "critical",
      "paths": ["/opt/macspark/backup/databases/redis"],
      "pre_commands": [
        "/scripts/backup-critical-complete.sh --database redis"
      ],
      "post_commands": [
        "/scripts/notification-system.sh --success redis"
      ],
      "compression": "zstd:3",
      "encryption": true,
      "verification": true,
      "tags": ["database", "redis", "critical"],
      "exclude_patterns": ["*.tmp", "*.log"]
    },
    
    "docker_volumes": {
      "type": "application",
      "engine": "kopia",
      "policy": "application",
      "schedule": "0 */2 * * *",
      "priority": "high",
      "paths": ["/var/lib/docker/volumes"],
      "pre_commands": [
        "/scripts/backup-critical-complete.sh --volumes"
      ],
      "post_commands": [
        "/scripts/notification-system.sh --success docker-volumes"
      ],
      "compression": "zstd:3",
      "encryption": true,
      "verification": false,
      "tags": ["docker", "volumes", "application"],
      "exclude_patterns": ["*/_data/logs/*", "*/_data/tmp/*", "*/_data/cache/*"]
    },
    
    "n8n_workflows": {
      "type": "application",
      "engine": "kopia",
      "policy": "critical",
      "schedule": "*/5 * * * *",
      "priority": "critical",
      "paths": ["/opt/macspark/backup/n8n-workflows"],
      "pre_commands": [
        "/scripts/backup-critical-complete.sh --n8n"
      ],
      "post_commands": [
        "/scripts/notification-system.sh --success n8n-workflows"
      ],
      "compression": "zstd:9",
      "encryption": true,
      "verification": true,
      "tags": ["n8n", "workflows", "critical", "automation"],
      "exclude_patterns": ["*.tmp", "node_modules/*"]
    },
    
    "configurations": {
      "type": "critical",
      "engine": "kopia",
      "policy": "critical",
      "schedule": "0 */6 * * *",
      "priority": "critical",
      "paths": [
        "/opt/macspark/configs",
        "/etc/docker",
        "/home/marcocardoso/Setup-Macspark"
      ],
      "pre_commands": [
        "/scripts/backup-critical-complete.sh --configs"
      ],
      "post_commands": [
        "/scripts/notification-system.sh --success configurations"
      ],
      "compression": "zstd:9",
      "encryption": true,
      "verification": true,
      "tags": ["configuration", "critical", "infrastructure"],
      "exclude_patterns": ["*.log", "*.tmp", ".git/*", "node_modules/*"]
    },
    
    "system_logs": {
      "type": "logs",
      "engine": "restic",
      "policy": "logs",
      "schedule": "0 1 * * *",
      "priority": "low",
      "paths": [
        "/var/log",
        "/opt/macspark/logs"
      ],
      "pre_commands": [],
      "post_commands": [
        "/scripts/notification-system.sh --success system-logs"
      ],
      "compression": "zstd:1",
      "encryption": true,
      "verification": false,
      "tags": ["logs", "system", "monitoring"],
      "exclude_patterns": ["*.gz", "*.bz2", "*.xz", "auth.log*", "kern.log*"]
    }
  },
  
  "destinations": {
    "local_primary": {
      "type": "local",
      "engine": "kopia",
      "path": "/opt/macspark/backup/repositories/kopia-primary",
      "enabled": true,
      "priority": 1
    },
    
    "local_secondary": {
      "type": "local", 
      "engine": "restic",
      "path": "/opt/macspark/backup/repositories/restic-secondary",
      "enabled": true,
      "priority": 2
    },
    
    "cloud_s3": {
      "type": "s3",
      "engine": "kopia",
      "bucket": "macspark-backup-enterprise",
      "region": "us-east-1",
      "credentials_file": "/secrets/cloud-creds",
      "enabled": false,
      "priority": 3,
      "encryption": "server-side"
    },
    
    "cloud_gcs": {
      "type": "gcs",
      "engine": "kopia", 
      "bucket": "macspark-backup-enterprise-gcs",
      "credentials_file": "/secrets/cloud-creds",
      "enabled": false,
      "priority": 4,
      "encryption": "server-side"
    }
  },
  
  "notification_rules": {
    "success": {
      "enabled": true,
      "throttle_minutes": 60,
      "channels": ["ntfy", "email"],
      "template": "backup_success"
    },
    
    "failure": {
      "enabled": true,
      "throttle_minutes": 5,
      "channels": ["telegram", "discord", "pagerduty"],
      "template": "backup_failure"
    },
    
    "warning": {
      "enabled": true,
      "throttle_minutes": 30,
      "channels": ["slack", "email"],
      "template": "backup_warning"
    },
    
    "daily_report": {
      "enabled": true,
      "schedule": "0 6 * * *",
      "channels": ["email", "slack"],
      "template": "daily_report"
    }
  },
  
  "monitoring": {
    "health_checks": {
      "enabled": true,
      "interval_minutes": 5,
      "timeout_seconds": 30,
      "checks": [
        "repository_connectivity",
        "storage_space",
        "backup_age",
        "encryption_status",
        "engine_status"
      ]
    },
    
    "metrics": {
      "enabled": true,
      "prometheus_enabled": true,
      "pushgateway_url": "http://prometheus-pushgateway:9091",
      "job_name": "backup-policies",
      "instance": "backup-orchestrator"
    },
    
    "logging": {
      "level": "info",
      "file": "/logs/backup-policies.log",
      "max_size_mb": 100,
      "max_backups": 10,
      "structured": true,
      "include_traces": true
    }
  },
  
  "compliance": {
    "audit_trail": true,
    "retention_enforcement": true,
    "encryption_validation": true,
    "integrity_verification": true,
    "access_logging": true,
    "data_classification": "confidential",
    "regulatory_compliance": ["SOX", "GDPR", "HIPAA"],
    "backup_verification": {
      "enabled": true,
      "schedule": "0 2 * * 0",
      "sample_percentage": 10,
      "full_verification_schedule": "0 2 1 * *"
    }
  },
  
  "performance": {
    "parallel_backups": 2,
    "bandwidth_limit_mbps": 100,
    "cpu_priority": "normal",
    "io_priority": "best-effort",
    "deduplication": true,
    "compression_threads": 2,
    "upload_threads": 4,
    "memory_limit_mb": 1024
  }
}