{
  "version": "2.0",
  "description": "MacSpark Enterprise Kopia Configuration",
  "created": "2025-08-24",
  "environment": "production",
  
  "repository": {
    "type": "filesystem",
    "path": "/data/repository",
    "encryption": {
      "algorithm": "AES256-GCM-SCRYPT",
      "derive_key_from_password": true,
      "master_key_derive_algorithm": "scrypt-65536-8-1"
    },
    "compression": {
      "algorithm": "zstd",
      "level": 3,
      "min_size": 1024
    },
    "splitter": {
      "algorithm": "DYNAMIC-4M-BUZHASH",
      "max_pack_size": 134217728,
      "min_pack_size": 1048576
    },
    "index_cache": {
      "max_size_mb": 500,
      "location": "/data/cache/index"
    },
    "metadata_cache": {
      "max_size_mb": 200,
      "location": "/data/cache/metadata"  
    }
  },
  
  "server": {
    "address": "0.0.0.0:51515",
    "tls_enabled": true,
    "tls_cert_file": "/config/tls/cert.pem",
    "tls_key_file": "/config/tls/key.pem",
    "username": "admin",
    "password_file": "/secrets/password",
    "auto_cert": false,
    "cors_origins": ["https://backup.macspark.dev"],
    "max_concurrent_clients": 10,
    "session_timeout": "24h",
    "log_requests": true
  },
  
  "policies": {
    "global": {
      "keep": {
        "hourly": 24,
        "daily": 7,
        "weekly": 4,
        "monthly": 12,
        "yearly": 5
      },
      "compression": {
        "never_compress_extensions": [".zip", ".gz", ".bz2", ".xz", ".7z", ".rar", ".jpg", ".jpeg", ".png", ".mp4", ".avi", ".mkv"],
        "only_compress_extensions": [".txt", ".log", ".sql", ".json", ".xml", ".csv", ".md"]
      },
      "ignore_rules": [
        ".git/",
        ".svn/",
        "node_modules/",
        ".DS_Store",
        "Thumbs.db",
        "*.tmp",
        "*.temp",
        "*.swp",
        "*~"
      ],
      "scheduling": {
        "interval": "1h",
        "time_of_day": [
          {"hour": 2, "minute": 0},
          {"hour": 8, "minute": 0},
          {"hour": 14, "minute": 0},
          {"hour": 20, "minute": 0}
        ]
      },
      "actions": {
        "before_snapshot": "/scripts/pre-backup.sh",
        "after_snapshot": "/scripts/post-backup.sh"
      }
    },
    
    "database": {
      "keep": {
        "hourly": 48,
        "daily": 14,
        "weekly": 8,
        "monthly": 24,
        "yearly": 10
      },
      "compression": {
        "enabled": true,
        "algorithm": "zstd",
        "level": 6
      },
      "scheduling": {
        "interval": "30m"
      }
    },
    
    "critical": {
      "keep": {
        "hourly": 72,
        "daily": 30,
        "weekly": 12,
        "monthly": 36,
        "yearly": 10
      },
      "compression": {
        "enabled": true,
        "algorithm": "zstd", 
        "level": 9
      },
      "scheduling": {
        "interval": "15m"
      },
      "actions": {
        "before_snapshot": "/scripts/critical-pre-backup.sh",
        "after_snapshot": "/scripts/critical-post-backup.sh"
      }
    }
  },
  
  "storage": {
    "local": {
      "path": "/data/repository",
      "max_pack_size_mb": 128,
      "permissions": "0600"
    },
    "remote": {
      "enabled": true,
      "providers": {
        "s3": {
          "enabled": false,
          "bucket": "macspark-backup-enterprise",
          "region": "us-east-1",
          "credentials_file": "/secrets/cloud-creds"
        },
        "gcs": {
          "enabled": false,
          "bucket": "macspark-backup-enterprise",
          "credentials_file": "/secrets/cloud-creds"
        },
        "azure": {
          "enabled": false,
          "container": "macspark-backup-enterprise",
          "credentials_file": "/secrets/cloud-creds"
        }
      }
    }
  },
  
  "monitoring": {
    "prometheus": {
      "enabled": true,
      "port": 51515,
      "path": "/metrics"
    },
    "logging": {
      "level": "info",
      "file": "/logs/kopia-server.log",
      "max_size_mb": 100,
      "max_backups": 10,
      "max_age_days": 30,
      "compress": true
    },
    "tracing": {
      "enabled": true,
      "jaeger_endpoint": "http://jaeger:14268/api/traces"
    }
  },
  
  "security": {
    "encryption_at_rest": true,
    "audit_logging": true,
    "access_control": {
      "require_auth": true,
      "session_timeout": "24h",
      "max_failed_attempts": 5,
      "lockout_duration": "30m"
    },
    "compliance": {
      "retention_policy": true,
      "data_classification": "confidential",
      "encryption_in_transit": true
    }
  },
  
  "performance": {
    "parallel_uploads": 4,
    "parallel_downloads": 4,
    "upload_buffer_size_mb": 16,
    "download_buffer_size_mb": 16,
    "cache_directory": "/data/cache",
    "max_cache_size_mb": 1000
  }
}